predictand_form,domain,predictor_family,predictor,index,scenario,n_models,n_families,r,permutation_p,LOFO_skill,bootstrap_sign_stability,q_BH,satisfies_all_criteria,predictor_enters_predictand
absolute,national,A,PFS,rx1day,ssp126,13,8,0.143,0.6587,-2.137,0.702,0.9926,no,no
absolute,national,A,PFS,rx1day,ssp245,13,8,0.346,0.2482,-0.664,0.967,0.633,no,no
absolute,national,A,PFS,rx1day,ssp370,13,8,0.088,0.7898,-1.901,0.622,0.997,no,no
absolute,national,A,PFS,rx1day,ssp585,13,8,0.004,0.9886,-1.753,0.55,0.997,no,no
absolute,national,A,PFS,r95p,ssp126,13,8,0.109,0.6825,-1.248,0.681,0.997,no,no
absolute,national,A,PFS,r95p,ssp245,13,8,0.471,0.1118,-0.037,0.994,0.3712,no,no
absolute,national,A,PFS,r95p,ssp370,13,8,-0.014,0.965,-0.592,0.521,0.997,no,no
absolute,national,A,PFS,r95p,ssp585,13,8,-0.043,0.8896,-1.343,0.528,0.997,no,no
absolute,national,B,Rx1day climatology,rx1day,ssp126,23,13,-0.761,0.0006,0.469,1.0,0.0264,yes,yes
absolute,national,B,Rx1day climatology,rx1day,ssp245,23,13,-0.29,0.1866,-0.469,0.959,0.513,no,yes
absolute,national,B,Rx1day climatology,rx1day,ssp370,23,13,-0.692,0.0006,0.385,0.998,0.0264,yes,yes
absolute,national,B,Rx1day climatology,rx1day,ssp585,23,13,-0.324,0.1356,-0.351,0.98,0.4114,no,yes
absolute,national,B,Rx1day climatology,r95p,ssp126,23,13,-0.728,0.0014,0.309,0.989,0.0308,yes,yes
absolute,national,B,Rx1day climatology,r95p,ssp245,23,13,-0.163,0.4521,-0.375,0.83,0.8647,no,yes
absolute,national,B,Rx1day climatology,r95p,ssp370,23,13,-0.61,0.0098,0.002,0.952,0.0958,no,yes
absolute,national,B,Rx1day climatology,r95p,ssp585,23,13,-0.256,0.2454,-0.292,0.967,0.633,no,yes
absolute,national,B,R95p climatology,rx1day,ssp126,23,13,-0.711,0.0014,0.323,0.972,0.0308,yes,yes
absolute,national,B,R95p climatology,rx1day,ssp245,23,13,-0.1,0.6589,-0.388,0.734,0.9926,no,yes
absolute,national,B,R95p climatology,rx1day,ssp370,23,13,-0.595,0.0056,0.138,0.931,0.0704,no,yes
absolute,national,B,R95p climatology,rx1day,ssp585,23,13,-0.077,0.7365,-0.241,0.771,0.997,no,yes
absolute,national,B,R95p climatology,r95p,ssp126,23,13,-0.718,0.0036,0.255,0.959,0.0528,no,yes
absolute,national,B,R95p climatology,r95p,ssp245,23,13,-0.111,0.6043,-0.451,0.753,0.9668,no,yes
absolute,national,B,R95p climatology,r95p,ssp370,23,13,-0.618,0.016,-0.053,0.882,0.1083,no,yes
absolute,national,B,R95p climatology,r95p,ssp585,23,13,-0.104,0.6551,-0.269,0.794,0.9926,no,yes
absolute,national,B,R99p climatology,rx1day,ssp126,23,13,-0.666,0.0052,0.178,0.942,0.0704,no,yes
absolute,national,B,R99p climatology,rx1day,ssp245,23,13,-0.024,0.9164,-0.27,0.573,0.997,no,yes
absolute,national,B,R99p climatology,rx1day,ssp370,23,13,-0.549,0.0144,0.008,0.894,0.1083,no,yes
absolute,national,B,R99p climatology,rx1day,ssp585,23,13,0.006,0.9802,-0.181,0.517,0.997,no,yes
absolute,national,B,R99p climatology,r95p,ssp126,23,13,-0.678,0.0112,0.112,0.912,0.0985,no,yes
absolute,national,B,R99p climatology,r95p,ssp245,23,13,-0.054,0.8046,-0.35,0.63,0.997,no,yes
absolute,national,B,R99p climatology,r95p,ssp370,23,13,-0.582,0.021,-0.193,0.827,0.1369,no,yes
absolute,national,B,R99p climatology,r95p,ssp585,23,13,-0.03,0.898,-0.213,0.595,0.997,no,yes
absolute,national,B,tail concentration R95p/PRCPTOT,rx1day,ssp126,23,13,-0.577,0.0242,-0.263,0.801,0.1443,no,yes
absolute,national,B,tail concentration R95p/PRCPTOT,rx1day,ssp245,23,13,0.117,0.5901,-0.154,0.814,0.9668,no,yes
absolute,national,B,tail concentration R95p/PRCPTOT,rx1day,ssp370,23,13,-0.473,0.034,-0.415,0.755,0.1631,no,yes
absolute,national,B,tail concentration R95p/PRCPTOT,rx1day,ssp585,23,13,0.129,0.6029,-0.201,0.853,0.9668,no,yes
absolute,national,B,tail concentration R95p/PRCPTOT,r95p,ssp126,23,13,-0.612,0.0302,-0.349,0.707,0.1621,no,yes
absolute,national,B,tail concentration R95p/PRCPTOT,r95p,ssp245,23,13,0.105,0.6105,-0.144,0.788,0.968,no,yes
absolute,national,B,tail concentration R95p/PRCPTOT,r95p,ssp370,23,13,-0.54,0.0394,-0.694,0.735,0.1648,no,yes
absolute,national,B,tail concentration R95p/PRCPTOT,r95p,ssp585,23,13,0.14,0.5625,-0.222,0.84,0.9668,no,yes
absolute,national,B,event duration Rx5day/Rx1day,rx1day,ssp126,23,13,0.261,0.2274,-0.963,0.665,0.5972,no,no
absolute,national,B,event duration Rx5day/Rx1day,rx1day,ssp245,23,13,-0.225,0.3107,-0.183,0.931,0.7196,no,no
absolute,national,B,event duration Rx5day/Rx1day,rx1day,ssp370,23,13,0.19,0.3839,-0.882,0.613,0.8342,no,no
absolute,national,B,event duration Rx5day/Rx1day,rx1day,ssp585,23,13,-0.082,0.7093,-0.272,0.718,0.997,no,no
absolute,national,B,event duration Rx5day/Rx1day,r95p,ssp126,23,13,0.432,0.0478,-0.803,0.733,0.1829,no,no
absolute,national,B,event duration Rx5day/Rx1day,r95p,ssp245,23,13,-0.32,0.1336,-0.072,0.989,0.4114,no,no
absolute,national,B,event duration Rx5day/Rx1day,r95p,ssp370,23,13,0.3,0.1482,-0.887,0.636,0.4275,no,no
absolute,national,B,event duration Rx5day/Rx1day,r95p,ssp585,23,13,-0.123,0.5897,-0.27,0.772,0.9668,no,no
absolute,national,B,wet-day frequency,rx1day,ssp126,23,13,-0.183,0.3995,-0.229,0.809,0.8575,no,no
absolute,national,B,wet-day frequency,rx1day,ssp245,23,13,-0.17,0.4415,-0.183,0.806,0.8647,no,no
absolute,national,B,wet-day frequency,rx1day,ssp370,23,13,-0.071,0.7538,-0.244,0.639,0.997,no,no
absolute,national,B,wet-day frequency,rx1day,ssp585,23,13,-0.046,0.8328,-0.252,0.59,0.997,no,no
absolute,national,B,wet-day frequency,r95p,ssp126,23,13,-0.174,0.4471,-0.182,0.849,0.8647,no,no
absolute,national,B,wet-day frequency,r95p,ssp245,23,13,-0.273,0.207,-0.093,0.901,0.5519,no,no
absolute,national,B,wet-day frequency,r95p,ssp370,23,13,-0.12,0.5929,-0.218,0.758,0.9668,no,no
absolute,national,B,wet-day frequency,r95p,ssp585,23,13,-0.175,0.4201,-0.191,0.817,0.8647,no,no
absolute,national,C,interannual variability Rx1day,rx1day,ssp126,23,13,-0.5,0.034,-0.305,0.76,0.1631,no,no
absolute,national,C,interannual variability Rx1day,rx1day,ssp245,23,13,0.177,0.4315,-0.148,0.878,0.8647,no,no
absolute,national,C,interannual variability Rx1day,rx1day,ssp370,23,13,-0.424,0.0458,-0.27,0.776,0.1791,no,no
absolute,national,C,interannual variability Rx1day,rx1day,ssp585,23,13,0.173,0.4563,-0.148,0.895,0.8647,no,no
absolute,national,C,interannual variability Rx1day,r95p,ssp126,23,13,-0.516,0.0366,-0.332,0.72,0.1631,no,no
absolute,national,C,interannual variability Rx1day,r95p,ssp245,23,13,0.122,0.5763,-0.138,0.825,0.9668,no,no
absolute,national,C,interannual variability Rx1day,r95p,ssp370,23,13,-0.478,0.0412,-0.457,0.726,0.1648,no,no
absolute,national,C,interannual variability Rx1day,r95p,ssp585,23,13,0.179,0.4355,-0.151,0.889,0.8647,no,no
absolute,national,C,interannual variability R95p,rx1day,ssp126,23,13,-0.358,0.092,-0.347,0.717,0.3174,no,no
absolute,national,C,interannual variability R95p,rx1day,ssp245,23,13,0.321,0.1414,-0.043,0.986,0.4147,no,no
absolute,national,C,interannual variability R95p,rx1day,ssp370,23,13,-0.215,0.3105,-0.42,0.649,0.7196,no,no
absolute,national,C,interannual variability R95p,rx1day,ssp585,23,13,0.336,0.1096,-0.063,0.981,0.3709,no,no
absolute,national,C,interannual variability R95p,r95p,ssp126,23,13,-0.402,0.0666,-0.247,0.714,0.2392,no,no
absolute,national,C,interannual variability R95p,r95p,ssp245,23,13,0.164,0.4569,-0.109,0.901,0.8647,no,no
absolute,national,C,interannual variability R95p,r95p,ssp370,23,13,-0.329,0.1248,-0.416,0.696,0.4006,no,no
absolute,national,C,interannual variability R95p,r95p,ssp585,23,13,0.243,0.2755,-0.126,0.912,0.6643,no,no
absolute,national,C,historical trend Rx1day,rx1day,ssp126,23,13,-0.122,0.5793,-0.199,0.76,0.9668,no,no
absolute,national,C,historical trend Rx1day,rx1day,ssp245,23,13,-0.176,0.4099,-0.142,0.822,0.8647,no,no
absolute,national,C,historical trend Rx1day,rx1day,ssp370,23,13,-0.01,0.9654,-0.183,0.526,0.997,no,no
absolute,national,C,historical trend Rx1day,rx1day,ssp585,23,13,-0.076,0.7391,-0.239,0.631,0.997,no,no
absolute,national,C,historical trend Rx1day,r95p,ssp126,23,13,-0.1,0.6541,-0.172,0.742,0.9926,no,no
absolute,national,C,historical trend Rx1day,r95p,ssp245,23,13,-0.161,0.4711,-0.151,0.762,0.8821,no,no
absolute,national,C,historical trend Rx1day,r95p,ssp370,23,13,0.066,0.7698,-0.189,0.696,0.997,no,no
absolute,national,C,historical trend Rx1day,r95p,ssp585,23,13,-0.023,0.92,-0.221,0.535,0.997,no,no
absolute,national,C,historical trend R95p,rx1day,ssp126,23,13,-0.116,0.5877,-0.201,0.722,0.9668,no,no
absolute,national,C,historical trend R95p,rx1day,ssp245,23,13,-0.131,0.5613,-0.179,0.726,0.9668,no,no
absolute,national,C,historical trend R95p,rx1day,ssp370,23,13,-0.01,0.9624,-0.21,0.508,0.997,no,no
absolute,national,C,historical trend R95p,rx1day,ssp585,23,13,-0.12,0.5799,-0.227,0.741,0.9668,no,no
absolute,national,C,historical trend R95p,r95p,ssp126,23,13,-0.119,0.5983,-0.178,0.776,0.9668,no,no
absolute,national,C,historical trend R95p,r95p,ssp245,23,13,-0.097,0.6599,-0.192,0.68,0.9926,no,no
absolute,national,C,historical trend R95p,r95p,ssp370,23,13,-0.004,0.9832,-0.224,0.479,0.997,no,no
absolute,national,C,historical trend R95p,r95p,ssp585,23,13,-0.062,0.7766,-0.217,0.638,0.997,no,no
absolute,eastern,A,PFS,rx1day,ssp126,13,8,0.115,0.7427,-1.857,0.686,0.997,no,no
absolute,eastern,A,PFS,rx1day,ssp245,13,8,0.337,0.2619,-0.784,0.952,0.6476,no,no
absolute,eastern,A,PFS,rx1day,ssp370,13,8,0.057,0.8732,-1.932,0.602,0.997,no,no
absolute,eastern,A,PFS,rx1day,ssp585,13,8,-0.016,0.9636,-1.909,0.493,0.997,no,no
absolute,eastern,A,PFS,r95p,ssp126,13,8,0.038,0.8978,-1.292,0.601,0.997,no,no
absolute,eastern,A,PFS,r95p,ssp245,13,8,0.386,0.1914,-0.191,0.973,0.5181,no,no
absolute,eastern,A,PFS,r95p,ssp370,13,8,-0.112,0.7349,-0.48,0.656,0.997,no,no
absolute,eastern,A,PFS,r95p,ssp585,13,8,-0.185,0.5829,-1.419,0.628,0.9668,no,no
absolute,eastern,B,Rx1day climatology,rx1day,ssp126,23,13,-0.783,0.0012,0.484,0.994,0.0308,yes,yes
absolute,eastern,B,Rx1day climatology,rx1day,ssp245,23,13,-0.324,0.1324,-0.829,0.977,0.4114,no,yes
absolute,eastern,B,Rx1day climatology,rx1day,ssp370,23,13,-0.725,0.0004,0.444,0.995,0.0264,yes,yes
absolute,eastern,B,Rx1day climatology,rx1day,ssp585,23,13,-0.296,0.1814,-0.456,0.989,0.5067,no,yes
absolute,eastern,B,Rx1day climatology,r95p,ssp126,23,13,-0.772,0.002,0.293,0.987,0.0352,yes,yes
absolute,eastern,B,Rx1day climatology,r95p,ssp245,23,13,-0.237,0.2649,-0.704,0.912,0.6476,no,yes
absolute,eastern,B,Rx1day climatology,r95p,ssp370,23,13,-0.648,0.007,0.051,0.937,0.077,no,yes
absolute,eastern,B,Rx1day climatology,r95p,ssp585,23,13,-0.222,0.3181,-0.367,0.961,0.7272,no,yes
absolute,eastern,B,R95p climatology,rx1day,ssp126,23,13,-0.791,0.0012,0.506,0.993,0.0308,yes,yes
absolute,eastern,B,R95p climatology,rx1day,ssp245,23,13,-0.07,0.752,-0.313,0.686,0.997,no,yes
absolute,eastern,B,R95p climatology,rx1day,ssp370,23,13,-0.582,0.0108,-0.044,0.881,0.0985,no,yes
absolute,eastern,B,R95p climatology,rx1day,ssp585,23,13,0.009,0.9692,-0.168,0.501,0.997,no,yes
absolute,eastern,B,R95p climatology,r95p,ssp126,23,13,-0.808,0.0016,0.396,0.988,0.0313,yes,yes
absolute,eastern,B,R95p climatology,r95p,ssp245,23,13,-0.062,0.7704,-0.376,0.65,0.997,no,yes
absolute,eastern,B,R95p climatology,r95p,ssp370,23,13,-0.6,0.0244,-0.354,0.846,0.1443,no,yes
absolute,eastern,B,R95p climatology,r95p,ssp585,23,13,-0.02,0.9388,-0.157,0.573,0.997,no,yes
absolute,eastern,B,R99p climatology,rx1day,ssp126,23,13,-0.689,0.0062,0.063,0.954,0.0727,no,yes
absolute,eastern,B,R99p climatology,rx1day,ssp245,23,13,-0.007,0.9742,-0.177,0.543,0.997,no,yes
absolute,eastern,B,R99p climatology,rx1day,ssp370,23,13,-0.511,0.0284,-0.335,0.831,0.1612,no,yes
absolute,eastern,B,R99p climatology,rx1day,ssp585,23,13,0.072,0.7692,-0.243,0.685,0.997,no,yes
absolute,eastern,B,R99p climatology,r95p,ssp126,23,13,-0.699,0.0142,-0.187,0.901,0.1083,no,yes
absolute,eastern,B,R99p climatology,r95p,ssp245,23,13,0.01,0.9616,-0.163,0.545,0.997,no,yes
absolute,eastern,B,R99p climatology,r95p,ssp370,23,13,-0.502,0.0366,-0.804,0.742,0.1631,no,yes
absolute,eastern,B,R99p climatology,r95p,ssp585,23,13,0.073,0.762,-0.216,0.709,0.997,no,yes
absolute,eastern,B,tail concentration R95p/PRCPTOT,rx1day,ssp126,23,13,-0.793,0.0006,0.546,0.997,0.0264,yes,yes
absolute,eastern,B,tail concentration R95p/PRCPTOT,rx1day,ssp245,23,13,-0.021,0.9196,-0.278,0.575,0.997,no,yes
absolute,eastern,B,tail concentration R95p/PRCPTOT,rx1day,ssp370,23,13,-0.585,0.0154,-0.092,0.845,0.1083,no,yes
absolute,eastern,B,tail concentration R95p/PRCPTOT,rx1day,ssp585,23,13,0.001,0.9966,-0.187,0.492,0.997,no,yes
absolute,eastern,B,tail concentration R95p/PRCPTOT,r95p,ssp126,23,13,-0.792,0.003,0.299,0.995,0.048,yes,yes
absolute,eastern,B,tail concentration R95p/PRCPTOT,r95p,ssp245,23,13,0.036,0.8736,-0.191,0.56,0.997,no,yes
absolute,eastern,B,tail concentration R95p/PRCPTOT,r95p,ssp370,23,13,-0.57,0.033,-0.873,0.726,0.1631,no,yes
absolute,eastern,B,tail concentration R95p/PRCPTOT,r95p,ssp585,23,13,0.062,0.8238,-0.264,0.689,0.997,no,yes
absolute,eastern,B,event duration Rx5day/Rx1day,rx1day,ssp126,23,13,0.463,0.0366,-0.726,0.733,0.1631,no,no
absolute,eastern,B,event duration Rx5day/Rx1day,rx1day,ssp245,23,13,-0.072,0.7435,-0.181,0.694,0.997,no,no
absolute,eastern,B,event duration Rx5day/Rx1day,rx1day,ssp370,23,13,0.362,0.091,-0.679,0.739,0.3174,no,no
absolute,eastern,B,event duration Rx5day/Rx1day,rx1day,ssp585,23,13,0.061,0.7958,-0.188,0.666,0.997,no,no
absolute,eastern,B,event duration Rx5day/Rx1day,r95p,ssp126,23,13,0.563,0.0246,-0.709,0.795,0.1443,no,no
absolute,eastern,B,event duration Rx5day/Rx1day,r95p,ssp245,23,13,-0.188,0.3733,-0.159,0.915,0.8213,no,no
absolute,eastern,B,event duration Rx5day/Rx1day,r95p,ssp370,23,13,0.405,0.0618,-0.86,0.68,0.2266,no,no
absolute,eastern,B,event duration Rx5day/Rx1day,r95p,ssp585,23,13,-0.016,0.945,-0.22,0.566,0.997,no,no
absolute,eastern,B,wet-day frequency,rx1day,ssp126,23,13,-0.17,0.4495,-0.157,0.886,0.8647,no,no
absolute,eastern,B,wet-day frequency,rx1day,ssp245,23,13,0.028,0.8978,-0.207,0.56,0.997,no,no
absolute,eastern,B,wet-day frequency,rx1day,ssp370,23,13,0.095,0.6669,-0.182,0.715,0.9946,no,no
absolute,eastern,B,wet-day frequency,rx1day,ssp585,23,13,0.17,0.4365,-0.212,0.819,0.8647,no,no
absolute,eastern,B,wet-day frequency,r95p,ssp126,23,13,-0.141,0.5425,-0.17,0.87,0.9668,no,no
absolute,eastern,B,wet-day frequency,r95p,ssp245,23,13,-0.005,0.9886,-0.162,0.477,0.997,no,no
absolute,eastern,B,wet-day frequency,r95p,ssp370,23,13,-0.001,0.997,-0.236,0.527,0.997,no,no
absolute,eastern,B,wet-day frequency,r95p,ssp585,23,13,0.019,0.933,-0.247,0.514,0.997,no,no
absolute,eastern,C,interannual variability Rx1day,rx1day,ssp126,23,13,-0.699,0.0082,0.098,0.942,0.0849,no,no
absolute,eastern,C,interannual variability Rx1day,rx1day,ssp245,23,13,0.013,0.95,-0.181,0.543,0.997,no,no
absolute,eastern,C,interannual variability Rx1day,rx1day,ssp370,23,13,-0.553,0.0156,-0.194,0.839,0.1083,no,no
absolute,eastern,C,interannual variability Rx1day,rx1day,ssp585,23,13,0.03,0.9042,-0.212,0.605,0.997,no,no
absolute,eastern,C,interannual variability Rx1day,r95p,ssp126,23,13,-0.711,0.0134,-0.216,0.911,0.1083,no,no
absolute,eastern,C,interannual variability Rx1day,r95p,ssp245,23,13,0.045,0.8388,-0.143,0.642,0.997,no,no
absolute,eastern,C,interannual variability Rx1day,r95p,ssp370,23,13,-0.541,0.038,-0.809,0.725,0.1631,no,no
absolute,eastern,C,interannual variability Rx1day,r95p,ssp585,23,13,0.091,0.7263,-0.305,0.742,0.997,no,no
absolute,eastern,C,interannual variability R95p,rx1day,ssp126,23,13,-0.422,0.0582,-0.537,0.709,0.2179,no,no
absolute,eastern,C,interannual variability R95p,rx1day,ssp245,23,13,0.431,0.041,-0.178,0.996,0.1648,no,no
absolute,eastern,C,interannual variability R95p,rx1day,ssp370,23,13,-0.202,0.3441,-0.785,0.647,0.7765,no,no
absolute,eastern,C,interannual variability R95p,rx1day,ssp585,23,13,0.427,0.038,-0.196,0.994,0.1631,no,no
absolute,eastern,C,interannual variability R95p,r95p,ssp126,23,13,-0.509,0.0304,-0.4,0.745,0.1621,no,no
absolute,eastern,C,interannual variability R95p,r95p,ssp245,23,13,0.322,0.1384,-0.049,0.992,0.4128,no,no
absolute,eastern,C,interannual variability R95p,r95p,ssp370,23,13,-0.298,0.1562,-0.753,0.64,0.4433,no,no
absolute,eastern,C,interannual variability R95p,r95p,ssp585,23,13,0.335,0.1252,-0.142,0.997,0.4006,no,no
absolute,eastern,C,historical trend Rx1day,rx1day,ssp126,23,13,0.012,0.9624,-0.252,0.533,0.997,no,no
absolute,eastern,C,historical trend Rx1day,rx1day,ssp245,23,13,0.08,0.7241,-0.256,0.611,0.997,no,no
absolute,eastern,C,historical trend Rx1day,rx1day,ssp370,23,13,0.144,0.5021,-0.202,0.786,0.9205,no,no
absolute,eastern,C,historical trend Rx1day,rx1day,ssp585,23,13,-0.031,0.896,-0.226,0.538,0.997,no,no
absolute,eastern,C,historical trend Rx1day,r95p,ssp126,23,13,0.004,0.9868,-0.229,0.524,0.997,no,no
absolute,eastern,C,historical trend Rx1day,r95p,ssp245,23,13,0.148,0.4973,-0.207,0.736,0.9205,no,no
absolute,eastern,C,historical trend Rx1day,r95p,ssp370,23,13,0.236,0.2817,-0.161,0.905,0.6701,no,no
absolute,eastern,C,historical trend Rx1day,r95p,ssp585,23,13,0.056,0.7994,-0.229,0.632,0.997,no,no
absolute,eastern,C,historical trend R95p,rx1day,ssp126,23,13,-0.076,0.6955,-0.26,0.65,0.997,no,no
absolute,eastern,C,historical trend R95p,rx1day,ssp245,23,13,0.016,0.9442,-0.374,0.585,0.997,no,no
absolute,eastern,C,historical trend R95p,rx1day,ssp370,23,13,-0.088,0.6727,-0.288,0.626,0.9949,no,no
absolute,eastern,C,historical trend R95p,rx1day,ssp585,23,13,-0.248,0.2561,-0.088,0.907,0.644,no,no
absolute,eastern,C,historical trend R95p,r95p,ssp126,23,13,-0.081,0.6363,-0.246,0.674,0.9926,no,no
absolute,eastern,C,historical trend R95p,r95p,ssp245,23,13,0.013,0.9502,-0.362,0.554,0.997,no,no
absolute,eastern,C,historical trend R95p,r95p,ssp370,23,13,-0.029,0.889,-0.301,0.546,0.997,no,no
absolute,eastern,C,historical trend R95p,r95p,ssp585,23,13,-0.195,0.3695,-0.129,0.867,0.8213,no,no
fractional,national,A,PFS,rx1day,ssp126,13,8,0.114,0.7035,-2.017,0.665,0.9836,no,no
fractional,national,A,PFS,rx1day,ssp245,13,8,0.346,0.2386,-0.603,0.966,0.5482,no,no
fractional,national,A,PFS,rx1day,ssp370,13,8,0.041,0.8952,-1.923,0.564,0.9836,no,no
fractional,national,A,PFS,rx1day,ssp585,13,8,-0.047,0.8812,-1.886,0.497,0.9836,no,no
fractional,national,A,PFS,r95p,ssp126,13,8,0.139,0.5863,-1.06,0.714,0.9804,no,no
fractional,national,A,PFS,r95p,ssp245,13,8,0.433,0.1322,-0.063,0.993,0.3579,no,no
fractional,national,A,PFS,r95p,ssp370,13,8,0.019,0.9484,-0.652,0.536,0.9836,no,no
fractional,national,A,PFS,r95p,ssp585,13,8,-0.01,0.9684,-1.24,0.493,0.9836,no,no
fractional,national,B,Rx1day climatology,rx1day,ssp126,23,13,-0.818,0.0006,0.219,0.999,0.0302,yes,yes
fractional,national,B,Rx1day climatology,rx1day,ssp245,23,13,-0.328,0.1292,-0.454,0.977,0.3552,no,yes
fractional,national,B,Rx1day climatology,rx1day,ssp370,23,13,-0.809,0.0004,0.239,0.999,0.0302,yes,yes
fractional,national,B,Rx1day climatology,rx1day,ssp585,23,13,-0.402,0.0536,-0.242,0.998,0.1572,no,yes
fractional,national,B,Rx1day climatology,r95p,ssp126,23,13,-0.779,0.0012,-0.063,0.99,0.0302,no,yes
fractional,national,B,Rx1day climatology,r95p,ssp245,23,13,-0.28,0.193,-0.263,0.964,0.4783,no,yes
fractional,national,B,Rx1day climatology,r95p,ssp370,23,13,-0.75,0.0068,-0.195,0.967,0.0748,no,yes
fractional,national,B,Rx1day climatology,r95p,ssp585,23,13,-0.496,0.0102,0.083,0.999,0.0897,no,yes
fractional,national,B,R95p climatology,rx1day,ssp126,23,13,-0.831,0.0012,0.163,0.973,0.0302,yes,yes
fractional,national,B,R95p climatology,rx1day,ssp245,23,13,-0.151,0.4855,-0.417,0.81,0.8655,no,yes
fractional,national,B,R95p climatology,rx1day,ssp370,23,13,-0.795,0.0038,0.066,0.937,0.0478,yes,yes
fractional,national,B,R95p climatology,rx1day,ssp585,23,13,-0.161,0.4951,-0.206,0.895,0.8655,no,yes
fractional,national,B,R95p climatology,r95p,ssp126,23,13,-0.823,0.0024,-0.053,0.961,0.0384,no,yes
fractional,national,B,R95p climatology,r95p,ssp245,23,13,-0.241,0.2486,-0.372,0.96,0.5537,no,yes
fractional,national,B,R95p climatology,r95p,ssp370,23,13,-0.8,0.0108,-0.195,0.911,0.0905,no,yes
fractional,national,B,R95p climatology,r95p,ssp585,23,13,-0.37,0.0674,-0.018,0.96,0.1944,no,yes
fractional,national,B,R99p climatology,rx1day,ssp126,23,13,-0.812,0.0034,0.053,0.946,0.0478,yes,yes
fractional,national,B,R99p climatology,rx1day,ssp245,23,13,-0.076,0.7297,-0.299,0.694,0.9836,no,yes
fractional,national,B,R99p climatology,rx1day,ssp370,23,13,-0.773,0.0118,-0.052,0.906,0.0933,no,yes
fractional,national,B,R99p climatology,rx1day,ssp585,23,13,-0.082,0.7425,-0.173,0.72,0.9836,no,yes
fractional,national,B,R99p climatology,r95p,ssp126,23,13,-0.813,0.008,-0.117,0.925,0.0782,no,yes
fractional,national,B,R99p climatology,r95p,ssp245,23,13,-0.186,0.3491,-0.296,0.937,0.6752,no,yes
fractional,national,B,R99p climatology,r95p,ssp370,23,13,-0.791,0.0168,-0.256,0.862,0.1068,no,yes
fractional,national,B,R99p climatology,r95p,ssp585,23,13,-0.301,0.165,-0.062,0.896,0.4208,no,yes
fractional,national,B,tail concentration R95p/PRCPTOT,rx1day,ssp126,23,13,-0.792,0.0264,-0.299,0.799,0.1297,no,yes
fractional,national,B,tail concentration R95p/PRCPTOT,rx1day,ssp245,23,13,0.098,0.6383,-0.152,0.788,0.9836,no,yes
fractional,national,B,tail concentration R95p/PRCPTOT,rx1day,ssp370,23,13,-0.757,0.0314,-0.416,0.754,0.1297,no,yes
fractional,national,B,tail concentration R95p/PRCPTOT,rx1day,ssp585,23,13,0.057,0.8412,-0.244,0.662,0.9836,no,yes
fractional,national,B,tail concentration R95p/PRCPTOT,r95p,ssp126,23,13,-0.826,0.03,-0.332,0.724,0.1297,no,yes
fractional,national,B,tail concentration R95p/PRCPTOT,r95p,ssp245,23,13,-0.001,0.9964,-0.128,0.493,0.9964,no,yes
fractional,national,B,tail concentration R95p/PRCPTOT,r95p,ssp370,23,13,-0.816,0.0384,-0.439,0.735,0.1299,no,yes
fractional,national,B,tail concentration R95p/PRCPTOT,r95p,ssp585,23,13,-0.13,0.6165,-0.4,0.646,0.9836,no,yes
fractional,national,B,event duration Rx5day/Rx1day,rx1day,ssp126,23,13,0.504,0.0434,-0.786,0.667,0.134,no,no
fractional,national,B,event duration Rx5day/Rx1day,rx1day,ssp245,23,13,-0.231,0.2905,-0.2,0.929,0.6182,no,no
fractional,national,B,event duration Rx5day/Rx1day,rx1day,ssp370,23,13,0.48,0.0444,-0.792,0.636,0.1347,no,no
fractional,national,B,event duration Rx5day/Rx1day,rx1day,ssp585,23,13,-0.057,0.799,-0.325,0.65,0.9836,no,no
fractional,national,B,event duration Rx5day/Rx1day,r95p,ssp126,23,13,0.603,0.037,-0.584,0.71,0.1297,no,no
fractional,national,B,event duration Rx5day/Rx1day,r95p,ssp245,23,13,-0.254,0.24,-0.156,0.967,0.5482,no,no
fractional,national,B,event duration Rx5day/Rx1day,r95p,ssp370,23,13,0.578,0.041,-0.604,0.635,0.1318,no,no
fractional,national,B,event duration Rx5day/Rx1day,r95p,ssp585,23,13,0.05,0.8212,-0.504,0.578,0.9836,no,no
fractional,national,B,wet-day frequency,rx1day,ssp126,23,13,-0.115,0.6551,-0.136,0.832,0.9836,no,no
fractional,national,B,wet-day frequency,rx1day,ssp245,23,13,-0.212,0.3397,-0.186,0.83,0.6718,no,no
fractional,national,B,wet-day frequency,rx1day,ssp370,23,13,-0.062,0.8238,-0.151,0.679,0.9836,no,no
fractional,national,B,wet-day frequency,rx1day,ssp585,23,13,-0.067,0.7556,-0.276,0.629,0.9836,no,no
fractional,national,B,wet-day frequency,r95p,ssp126,23,13,-0.085,0.7958,-0.124,0.834,0.9836,no,no
fractional,national,B,wet-day frequency,r95p,ssp245,23,13,-0.31,0.157,-0.07,0.926,0.4155,no,no
fractional,national,B,wet-day frequency,r95p,ssp370,23,13,-0.064,0.8628,-0.128,0.776,0.9836,no,no
fractional,national,B,wet-day frequency,r95p,ssp585,23,13,-0.214,0.3197,-0.188,0.868,0.6543,no,no
fractional,national,C,interannual variability Rx1day,rx1day,ssp126,23,13,-0.71,0.0292,-0.346,0.767,0.1297,no,no
fractional,national,C,interannual variability Rx1day,rx1day,ssp245,23,13,0.151,0.4919,-0.155,0.858,0.8655,no,no
fractional,national,C,interannual variability Rx1day,rx1day,ssp370,23,13,-0.688,0.0262,-0.34,0.784,0.1297,no,no
fractional,national,C,interannual variability Rx1day,rx1day,ssp585,23,13,0.103,0.6749,-0.188,0.757,0.9836,no,no
fractional,national,C,interannual variability Rx1day,r95p,ssp126,23,13,-0.74,0.0326,-0.355,0.725,0.1297,no,no
fractional,national,C,interannual variability Rx1day,r95p,ssp245,23,13,0.017,0.9298,-0.131,0.575,0.9836,no,no
fractional,national,C,interannual variability Rx1day,r95p,ssp370,23,13,-0.738,0.0376,-0.398,0.736,0.1297,no,no
fractional,national,C,interannual variability Rx1day,r95p,ssp585,23,13,-0.068,0.7814,-0.302,0.574,0.9836,no,no
fractional,national,C,interannual variability R95p,rx1day,ssp126,23,13,-0.569,0.0268,-0.356,0.746,0.1297,no,no
fractional,national,C,interannual variability R95p,rx1day,ssp245,23,13,0.264,0.2248,-0.069,0.971,0.5346,no,no
fractional,national,C,interannual variability R95p,rx1day,ssp370,23,13,-0.503,0.04,-0.463,0.673,0.1318,no,no
fractional,national,C,interannual variability R95p,rx1day,ssp585,23,13,0.256,0.243,-0.127,0.936,0.5482,no,no
fractional,national,C,interannual variability R95p,r95p,ssp126,23,13,-0.605,0.032,-0.321,0.748,0.1297,no,no
fractional,national,C,interannual variability R95p,r95p,ssp245,23,13,0.05,0.8214,-0.119,0.707,0.9836,no,no
fractional,national,C,interannual variability R95p,r95p,ssp370,23,13,-0.587,0.035,-0.4,0.7,0.1297,no,no
fractional,national,C,interannual variability R95p,r95p,ssp585,23,13,0.016,0.9492,-0.23,0.552,0.9836,no,no
fractional,national,C,historical trend Rx1day,rx1day,ssp126,23,13,-0.106,0.6325,-0.122,0.835,0.9836,no,no
fractional,national,C,historical trend Rx1day,rx1day,ssp245,23,13,-0.216,0.3189,-0.126,0.855,0.6543,no,no
fractional,national,C,historical trend Rx1day,rx1day,ssp370,23,13,-0.051,0.8096,-0.134,0.656,0.9836,no,no
fractional,national,C,historical trend Rx1day,rx1day,ssp585,23,13,-0.058,0.796,-0.262,0.587,0.9836,no,no
fractional,national,C,historical trend Rx1day,r95p,ssp126,23,13,-0.095,0.6613,-0.122,0.855,0.9836,no,no
fractional,national,C,historical trend Rx1day,r95p,ssp245,23,13,-0.209,0.3491,-0.111,0.829,0.6752,no,no
fractional,national,C,historical trend Rx1day,r95p,ssp370,23,13,-0.042,0.858,-0.136,0.6,0.9836,no,no
fractional,national,C,historical trend Rx1day,r95p,ssp585,23,13,-0.079,0.7067,-0.213,0.635,0.9836,no,no
fractional,national,C,historical trend R95p,rx1day,ssp126,23,13,-0.11,0.5797,-0.135,0.782,0.9804,no,no
fractional,national,C,historical trend R95p,rx1day,ssp245,23,13,-0.14,0.5371,-0.168,0.748,0.9267,no,no
fractional,national,C,historical trend R95p,rx1day,ssp370,23,13,-0.059,0.7766,-0.153,0.635,0.9836,no,no
fractional,national,C,historical trend R95p,rx1day,ssp585,23,13,-0.079,0.7157,-0.253,0.663,0.9836,no,no
fractional,national,C,historical trend R95p,r95p,ssp126,23,13,-0.115,0.5609,-0.132,0.871,0.9584,no,no
fractional,national,C,historical trend R95p,r95p,ssp245,23,13,-0.109,0.6269,-0.168,0.71,0.9836,no,no
fractional,national,C,historical trend R95p,r95p,ssp370,23,13,-0.08,0.7289,-0.146,0.695,0.9836,no,no
fractional,national,C,historical trend R95p,r95p,ssp585,23,13,-0.09,0.6863,-0.217,0.686,0.9836,no,no
fractional,eastern,A,PFS,rx1day,ssp126,13,8,0.118,0.7285,-1.943,0.677,0.9836,no,no
fractional,eastern,A,PFS,rx1day,ssp245,13,8,0.361,0.2186,-0.746,0.959,0.5269,no,no
fractional,eastern,A,PFS,rx1day,ssp370,13,8,0.023,0.9486,-2.081,0.57,0.9836,no,no
fractional,eastern,A,PFS,rx1day,ssp585,13,8,-0.05,0.8818,-2.101,0.522,0.9836,no,no
fractional,eastern,A,PFS,r95p,ssp126,13,8,0.077,0.7848,-1.217,0.654,0.9836,no,no
fractional,eastern,A,PFS,r95p,ssp245,13,8,0.378,0.1896,-0.176,0.975,0.4766,no,no
fractional,eastern,A,PFS,r95p,ssp370,13,8,-0.074,0.8196,-0.549,0.616,0.9836,no,no
fractional,eastern,A,PFS,r95p,ssp585,13,8,-0.143,0.6737,-1.563,0.599,0.9836,no,no
fractional,eastern,B,Rx1day climatology,rx1day,ssp126,23,13,-0.856,0.0008,0.114,0.993,0.0302,yes,yes
fractional,eastern,B,Rx1day climatology,rx1day,ssp245,23,13,-0.298,0.161,-0.906,0.963,0.4166,no,yes
fractional,eastern,B,Rx1day climatology,rx1day,ssp370,23,13,-0.86,0.0006,0.227,0.995,0.0302,yes,yes
fractional,eastern,B,Rx1day climatology,rx1day,ssp585,23,13,-0.366,0.0874,-0.345,0.997,0.2452,no,yes
fractional,eastern,B,Rx1day climatology,r95p,ssp126,23,13,-0.834,0.002,-0.11,0.987,0.0352,no,yes
fractional,eastern,B,Rx1day climatology,r95p,ssp245,23,13,-0.295,0.1582,-0.624,0.975,0.4155,no,yes
fractional,eastern,B,Rx1day climatology,r95p,ssp370,23,13,-0.82,0.0052,-0.159,0.955,0.061,no,yes
fractional,eastern,B,Rx1day climatology,r95p,ssp585,23,13,-0.459,0.0224,0.016,0.992,0.1297,no,yes
fractional,eastern,B,R95p climatology,rx1day,ssp126,23,13,-0.891,0.0016,0.176,0.989,0.0313,yes,yes
fractional,eastern,B,R95p climatology,rx1day,ssp245,23,13,-0.061,0.7678,-0.396,0.641,0.9836,no,yes
fractional,eastern,B,R95p climatology,rx1day,ssp370,23,13,-0.835,0.0086,-0.1,0.895,0.0796,no,yes
fractional,eastern,B,R95p climatology,rx1day,ssp585,23,13,-0.072,0.7674,-0.159,0.705,0.9836,no,yes
fractional,eastern,B,R95p climatology,r95p,ssp126,23,13,-0.883,0.0014,-0.025,0.985,0.0308,no,yes
fractional,eastern,B,R95p climatology,r95p,ssp245,23,13,-0.136,0.4867,-0.385,0.856,0.8655,no,yes
fractional,eastern,B,R95p climatology,r95p,ssp370,23,13,-0.847,0.0188,-0.255,0.863,0.1141,no,yes
fractional,eastern,B,R95p climatology,r95p,ssp585,23,13,-0.283,0.1964,-0.085,0.878,0.48,no,yes
fractional,eastern,B,R99p climatology,rx1day,ssp126,23,13,-0.827,0.0078,-0.15,0.941,0.0782,no,yes
fractional,eastern,B,R99p climatology,rx1day,ssp245,23,13,0.008,0.9714,-0.193,0.518,0.9836,no,yes
fractional,eastern,B,R99p climatology,rx1day,ssp370,23,13,-0.777,0.024,-0.338,0.839,0.1297,no,yes
fractional,eastern,B,R99p climatology,rx1day,ssp585,23,13,0.005,0.9876,-0.276,0.516,0.9932,no,yes
fractional,eastern,B,R99p climatology,r95p,ssp126,23,13,-0.827,0.0132,-0.272,0.898,0.0943,no,yes
fractional,eastern,B,R99p climatology,r95p,ssp245,23,13,-0.062,0.7564,-0.157,0.697,0.9836,no,yes
fractional,eastern,B,R99p climatology,r95p,ssp370,23,13,-0.793,0.0304,-0.448,0.764,0.1297,no,yes
fractional,eastern,B,R99p climatology,r95p,ssp585,23,13,-0.182,0.4261,-0.324,0.744,0.7978,no,yes
fractional,eastern,B,tail concentration R95p/PRCPTOT,rx1day,ssp126,23,13,-0.908,0.0012,0.206,0.997,0.0302,yes,yes
fractional,eastern,B,tail concentration R95p/PRCPTOT,rx1day,ssp245,23,13,0.017,0.934,-0.264,0.527,0.9836,no,yes
fractional,eastern,B,tail concentration R95p/PRCPTOT,rx1day,ssp370,23,13,-0.848,0.017,-0.179,0.834,0.1068,no,yes
fractional,eastern,B,tail concentration R95p/PRCPTOT,rx1day,ssp585,23,13,-0.063,0.8092,-0.193,0.692,0.9836,no,yes
fractional,eastern,B,tail concentration R95p/PRCPTOT,r95p,ssp126,23,13,-0.9,0.0036,-0.055,0.991,0.0478,no,yes
fractional,eastern,B,tail concentration R95p/PRCPTOT,r95p,ssp245,23,13,-0.018,0.9324,-0.161,0.61,0.9836,no,yes
fractional,eastern,B,tail concentration R95p/PRCPTOT,r95p,ssp370,23,13,-0.86,0.0304,-0.412,0.742,0.1297,no,yes
fractional,eastern,B,tail concentration R95p/PRCPTOT,r95p,ssp585,23,13,-0.201,0.3721,-0.382,0.767,0.7119,no,yes
fractional,eastern,B,event duration Rx5day/Rx1day,rx1day,ssp126,23,13,0.676,0.0308,-0.556,0.724,0.1297,no,no
fractional,eastern,B,event duration Rx5day/Rx1day,rx1day,ssp245,23,13,-0.116,0.5905,-0.172,0.791,0.9804,no,no
fractional,eastern,B,event duration Rx5day/Rx1day,rx1day,ssp370,23,13,0.648,0.0356,-0.572,0.741,0.1297,no,no
fractional,eastern,B,event duration Rx5day/Rx1day,rx1day,ssp585,23,13,0.105,0.6425,-0.203,0.752,0.9836,no,no
fractional,eastern,B,event duration Rx5day/Rx1day,r95p,ssp126,23,13,0.712,0.027,-0.494,0.778,0.1297,no,no
fractional,eastern,B,event duration Rx5day/Rx1day,r95p,ssp245,23,13,-0.148,0.4785,-0.188,0.879,0.8655,no,no
fractional,eastern,B,event duration Rx5day/Rx1day,r95p,ssp370,23,13,0.684,0.0412,-0.556,0.682,0.1318,no,no
fractional,eastern,B,event duration Rx5day/Rx1day,r95p,ssp585,23,13,0.177,0.4249,-0.365,0.773,0.7978,no,no
fractional,eastern,B,wet-day frequency,rx1day,ssp126,23,13,-0.084,0.7139,-0.114,0.852,0.9836,no,no
fractional,eastern,B,wet-day frequency,rx1day,ssp245,23,13,-0.013,0.958,-0.207,0.537,0.9836,no,no
fractional,eastern,B,wet-day frequency,rx1day,ssp370,23,13,0.016,0.9432,-0.124,0.615,0.9836,no,no
fractional,eastern,B,wet-day frequency,rx1day,ssp585,23,13,0.149,0.4967,-0.22,0.791,0.8655,no,no
fractional,eastern,B,wet-day frequency,r95p,ssp126,23,13,-0.061,0.7646,-0.12,0.829,0.9836,no,no
fractional,eastern,B,wet-day frequency,r95p,ssp245,23,13,-0.035,0.8822,-0.145,0.544,0.9836,no,no
fractional,eastern,B,wet-day frequency,r95p,ssp370,23,13,-0.027,0.8902,-0.123,0.621,0.9836,no,no
fractional,eastern,B,wet-day frequency,r95p,ssp585,23,13,-0.009,0.9684,-0.237,0.529,0.9836,no,no
fractional,eastern,C,interannual variability Rx1day,rx1day,ssp126,23,13,-0.851,0.0122,-0.134,0.931,0.0933,no,no
fractional,eastern,C,interannual variability Rx1day,rx1day,ssp245,23,13,0.044,0.8264,-0.183,0.615,0.9836,no,no
fractional,eastern,C,interannual variability Rx1day,rx1day,ssp370,23,13,-0.816,0.0148,-0.243,0.847,0.1002,no,no
fractional,eastern,C,interannual variability Rx1day,rx1day,ssp585,23,13,-0.035,0.8862,-0.232,0.603,0.9836,no,no
fractional,eastern,C,interannual variability Rx1day,r95p,ssp126,23,13,-0.855,0.0134,-0.264,0.918,0.0943,no,no
fractional,eastern,C,interannual variability Rx1day,r95p,ssp245,23,13,-0.015,0.942,-0.132,0.514,0.9836,no,no
fractional,eastern,C,interannual variability Rx1day,r95p,ssp370,23,13,-0.828,0.0358,-0.432,0.737,0.1297,no,no
fractional,eastern,C,interannual variability Rx1day,r95p,ssp585,23,13,-0.166,0.4781,-0.477,0.748,0.8655,no,no
fractional,eastern,C,interannual variability R95p,rx1day,ssp126,23,13,-0.634,0.034,-0.518,0.7,0.1297,no,no
fractional,eastern,C,interannual variability R95p,rx1day,ssp245,23,13,0.427,0.0454,-0.146,0.998,0.1354,no,no
fractional,eastern,C,interannual variability R95p,rx1day,ssp370,23,13,-0.561,0.0432,-0.689,0.662,0.134,no,no
fractional,eastern,C,interannual variability R95p,rx1day,ssp585,23,13,0.358,0.0878,-0.306,0.971,0.2452,no,no
fractional,eastern,C,interannual variability R95p,r95p,ssp126,23,13,-0.67,0.0268,-0.429,0.74,0.1297,no,no
fractional,eastern,C,interannual variability R95p,r95p,ssp245,23,13,0.254,0.2406,-0.095,0.982,0.5482,no,no
fractional,eastern,C,interannual variability R95p,r95p,ssp370,23,13,-0.629,0.0374,-0.552,0.643,0.1297,no,no
fractional,eastern,C,interannual variability R95p,r95p,ssp585,23,13,0.115,0.6161,-0.44,0.717,0.9836,no,no
fractional,eastern,C,historical trend Rx1day,rx1day,ssp126,23,13,-0.043,0.8152,-0.141,0.6,0.9836,no,no
fractional,eastern,C,historical trend Rx1day,rx1day,ssp245,23,13,0.049,0.8342,-0.249,0.56,0.9836,no,no
fractional,eastern,C,historical trend Rx1day,rx1day,ssp370,23,13,0.01,0.9626,-0.15,0.594,0.9836,no,no
fractional,eastern,C,historical trend Rx1day,rx1day,ssp585,23,13,-0.01,0.9628,-0.216,0.506,0.9836,no,no
fractional,eastern,C,historical trend Rx1day,r95p,ssp126,23,13,-0.053,0.7688,-0.138,0.674,0.9836,no,no
fractional,eastern,C,historical trend Rx1day,r95p,ssp245,23,13,0.106,0.6277,-0.189,0.691,0.9836,no,no
fractional,eastern,C,historical trend Rx1day,r95p,ssp370,23,13,0.009,0.9562,-0.144,0.629,0.9836,no,no
fractional,eastern,C,historical trend Rx1day,r95p,ssp585,23,13,0.035,0.873,-0.215,0.599,0.9836,no,no
fractional,eastern,C,historical trend R95p,rx1day,ssp126,23,13,-0.109,0.2971,-0.145,0.776,0.6226,no,no
fractional,eastern,C,historical trend R95p,rx1day,ssp245,23,13,0.009,0.967,-0.339,0.572,0.9836,no,no
fractional,eastern,C,historical trend R95p,rx1day,ssp370,23,13,-0.115,0.3347,-0.151,0.778,0.6695,no,no
fractional,eastern,C,historical trend R95p,rx1day,ssp585,23,13,-0.23,0.2915,-0.099,0.91,0.6182,no,no
fractional,eastern,C,historical trend R95p,r95p,ssp126,23,13,-0.11,0.2571,-0.143,0.804,0.5657,no,no
fractional,eastern,C,historical trend R95p,r95p,ssp245,23,13,-0.007,0.9724,-0.308,0.482,0.9836,no,no
fractional,eastern,C,historical trend R95p,r95p,ssp370,23,13,-0.099,0.2783,-0.148,0.733,0.6048,no,no
fractional,eastern,C,historical trend R95p,r95p,ssp585,23,13,-0.211,0.3339,-0.131,0.895,0.6695,no,no
